{
    "root_group": {
        "path": "",
        "id": "d41d8cd98f00b204e9800998ecf8427e",
        "groups": {},
        "checks": {
                "status is 200": {
                    "name": "status is 200",
                    "path": "::status is 200",
                    "id": "6210a8cd14cd70477eba5c5e4cb3fb5f",
                    "passes": 51,
                    "fails": 0
                }
            },
        "name": ""
    },
    "metrics": {
        "data_sent": {
            "count": 18780,
            "rate": 1752.8385624483738
        },
        "iterations": {
            "count": 51,
            "rate": 4.760104722303891
        },
        "http_req_connecting": {
            "min": 0,
            "med": 0,
            "max": 11.486,
            "p(90)": 3.893000000000009,
            "p(95)": 9.3185,
            "avg": 1.009625
        },
        "vus_max": {
            "value": 5,
            "min": 5,
            "max": 5
        },
        "checks": {
            "passes": 51,
            "fails": 0,
            "value": 1
        },
        "http_req_duration": {
            "avg": 113.67805357142853,
            "min": 89.391,
            "med": 105.5775,
            "max": 265.817,
            "p(90)": 123.57300000000001,
            "p(95)": 153.9322499999998
        },
        "iteration_duration": {
            "med": 106.853625,
            "max": 266.544875,
            "p(90)": 141.970417,
            "p(95)": 187.42718749999986,
            "avg": 117.25866501960783,
            "min": 89.581833
        },
        "http_reqs": {
            "count": 56,
            "rate": 5.226781655863095
        },
        "http_req_waiting": {
            "p(95)": 153.7559999999998,
            "avg": 113.44375000000001,
            "min": 89.33,
            "med": 105.1215,
            "max": 265.469,
            "p(90)": 123.2595
        },
        "data_received": {
            "count": 96620,
            "rate": 9018.065064098077
        },
        "http_req_sending": {
            "avg": 0.051624999999999976,
            "min": 0.014,
            "med": 0.035500000000000004,
            "max": 0.202,
            "p(90)": 0.0935,
            "p(95)": 0.11499999999999999
        },
        "http_req_duration{expected_response:true}": {
            "med": 105.5775,
            "max": 265.817,
            "p(90)": 123.57300000000001,
            "p(95)": 153.9322499999998,
            "avg": 113.67805357142853,
            "min": 89.391
        },
        "http_req_tls_handshaking": {
            "med": 0,
            "max": 18.691,
            "p(90)": 6.003000000000015,
            "p(95)": 13.628499999999994,
            "avg": 1.561785714285714,
            "min": 0
        },
        "http_req_blocked": {
            "avg": 2.9078392857142856,
            "min": 0.004,
            "med": 0.0125,
            "max": 37.055,
            "p(90)": 10.633000000000024,
            "p(95)": 25.822249999999997
        },
        "vus": {
            "value": 1,
            "min": 1,
            "max": 1
        },
        "http_req_receiving": {
            "avg": 0.18267857142857138,
            "min": 0.044,
            "med": 0.1505,
            "max": 0.844,
            "p(90)": 0.337,
            "p(95)": 0.3874999999999999
        },
        "http_req_failed": {
            "passes": 0,
            "fails": 56,
            "value": 0
        }
    },
    "setup_data": [
        {
            "token": "eyJhbGciOiJIUzI1NiJ9.eyJtZW1iZXJJZCI6MSwiaWF0IjoxNzUxNTYwODUzLCJleHAiOjE3NTE1NjE0NTN9.v6w5bh9E0HFaUctukrv8_NWYGi8shejlsY0_rKVazsU",
            "email": "cwolf_c77e7f56@example.com",
            "payloads": [
                {
                    "query": {
                        "id": "6"
                    }
                },
                {
                    "query": {
                        "id": "7"
                    }
                },
                {
                    "query": {
                        "id": "8"
                    }
                },
                {
                    "query": {
                        "id": "9"
                    }
                },
                {
                    "query": {
                        "id": "10"
                    }
                },
                {
                    "query": {
                        "id": "11"
                    }
                },
                {
                    "query": {
                        "id": "12"
                    }
                },
                {
                    "query": {
                        "id": "13"
                    }
                },
                {
                    "query": {
                        "id": "14"
                    }
                },
                {
                    "query": {
                        "id": "15"
                    }
                },
                {
                    "query": {
                        "id": "16"
                    }
                },
                {
                    "query": {
                        "id": "17"
                    }
                },
                {
                    "query": {
                        "id": "18"
                    }
                },
                {
                    "query": {
                        "id": "19"
                    }
                },
                {
                    "query": {
                        "id": "20"
                    }
                },
                {
                    "query": {
                        "id": "21"
                    }
                },
                {
                    "query": {
                        "id": "22"
                    }
                },
                {
                    "query": {
                        "id": "23"
                    }
                },
                {
                    "query": {
                        "id": "24"
                    }
                },
                {
                    "query": {
                        "id": "25"
                    }
                }
            ]
        },
        {
            "token": "eyJhbGciOiJIUzI1NiJ9.eyJtZW1iZXJJZCI6MiwiaWF0IjoxNzUxNTYwODUzLCJleHAiOjE3NTE1NjE0NTN9.i1XkGSTneTLZ7aBiH-QBk61CDnq7erlfHlBtiWPk2ds",
            "email": "brianhart_c8a54758@example.org",