{
    "metrics": {
        "vus_max": {
            "value": 5,
            "min": 5,
            "max": 5
        },
        "http_req_blocked": {
            "max": 51.274,
            "p(90)": 0.01,
            "p(95)": 0.011,
            "avg": 0.2510251762336337,
            "min": 0.001,
            "med": 0.007
        },
        "checks": {
            "passes": 988,
            "fails": 0,
            "value": 1
        },
        "http_req_sending": {
            "p(95)": 0.037399999999999954,
            "avg": 0.025030211480362465,
            "min": 0.004,
            "med": 0.024,
            "max": 0.175,
            "p(90)": 0.034
        },
        "http_req_connecting": {
            "avg": 0.06843101711983887,
            "min": 0,
            "med": 0,
            "max": 15.939,
            "p(90)": 0,
            "p(95)": 0
        },
        "iterations": {
            "count": 52,
            "rate": 1.302724322238882
        },
        "http_reqs": {
            "count": 993,
            "rate": 24.87702407660019
        },
        "http_req_tls_handshaking": {
            "max": 39.968,
            "p(90)": 0,
            "p(95)": 0,
            "avg": 0.17215911379657603,
            "min": 0,
            "med": 0
        },
        "http_req_duration{expected_response:true}": {
            "med": 107.28,
            "max": 7993.048,
            "p(90)": 128.6978,
            "p(95)": 147.77559999999997,
            "avg": 172.0273595166164,
            "min": 83.394
        },
        "http_req_failed": {
            "passes": 0,
            "fails": 993,
            "value": 0
        },
        "iteration_duration": {
            "avg": 3283.7100320769237,
            "min": 1884.589458,
            "med": 2147.5238125,
            "max": 10225.723958,
            "p(90)": 9375.7134548,
            "p(95)": 9715.69185465
        },
        "http_req_waiting": {
            "avg": 171.89405337361524,
            "min": 83.27,
            "med": 107.163,
            "max": 7992.918,
            "p(90)": 128.552,
            "p(95)": 147.47119999999998
        },
        "http_req_receiving": {
            "max": 0.823,
            "p(90)": 0.154,
            "p(95)": 0.16839999999999997,
            "avg": 0.10827593152064457,
            "min": 0.019,
            "med": 0.103
        },
        "data_sent": {
            "count": 305505,
            "rate": 7653.630655107493
        },
        "http_req_duration": {
            "avg": 172.0273595166164,
            "min": 83.394,
            "med": 107.28,
            "max": 7993.048,
            "p(90)": 128.6978,
            "p(95)": 147.77559999999997
        },
        "data_received": {
            "count": 1508983,
            "rate": 37803.63184509605
        },
        "vus": {
            "value": 1,
            "min": 1,
            "max": 5
        }
    },
    "setup_data": {
        "payloadChunks": [
            [
                {
                    "query": {
                        "id": "6"
                    }
                },
                {
                    "query": {
                        "id": "7"
                    }
                },
                {
                    "query": {
                        "id": "8"
                    }
                },
                {
                    "query": {
                        "id": "9"
                    }
                },
                {
                    "query": {
                        "id": "10"
                    }
                },
                {
                    "query": {
                        "id": "11"
                    }
                },
                {
                    "query": {
                        "id": "12"
                    }
                },
                {
                    "query": {
                        "id": "13"
                    }
                },
                {
                    "query": {
                        "id": "14"
                    }
                },
                {
                    "query": {
                        "id": "15"
                    }
                },
                {
                    "query": {
                        "id": "16"
                    }
                },
                {
                    "query": {
                        "id": "17"
                    }
                },
                {
                    "query": {
                        "id": "18"
                    }
                },
                {
                    "query": {
                        "id": "19"
                    }
                },
                {
                    "query": {
                        "id": "20"
                    }
                },
                {
                    "query": {
                        "id": "21"
                    }
                },
                {
                    "query": {
                        "id": "22"
                    }
                },
                {
                    "query": {
                        "id": "23"
                    }
                },
                {
                    "query": {
                        "id": "24"
                    }
                }
            ],
            [
                {
                    "query": {
                        "id": "25"
                    }
                },
                {
                    "query": {
                        "id": "26"
                    }
                },
                {
                    "query": {
                        "id": "27"
                    }
                },
                {
                    "query": {
                        "id": "28"
                    }
                },
                {
                    "query": {
                        "id": "29"
                    }
                },
                {
                    "query": {
                        "id": "30"
                    }
                },
                {
                    "query": {
                        "id": "31"
                    }
                },
                {
                    "query": {
                        "id": "32"
                    }
                },
                {
                    "query": {
                        "id": "33"
                    }
                },
                {
                    "query": {
                        "id": "34"
                    }
                },
                {
                    "query": {
                        "id": "35"
                    }
                },
                {
                    "query": {
                        "id": "36"
                    }
                },
                {
                    "query": {
                        "id": "37"
                    }
                },
                {
                    "query": {
                        "id": "38"
                    }
                },
                {
                    "query": {
                        "id": "39"
                    }
                },
                {
                    "query": {
                        "id": "40"
                    }
                },
                {
                    "query": {
                        "id": "41"
                    }
                },
                {
                    "query": {
                        "id": "42"
                    }
                },
                {
                    "query": {
                        "id": "43"
                    }
                }
            ],
            [
                {
                    "query": {
                        "id": "44"
                    }
                },
                {
                    "query": {
                        "id": "45"
                    }
