{
    "metrics": {
        "data_received": {
            "count": 1195576,
            "rate": 35395.735882824854
        },
        "http_reqs": {
            "count": 785,
            "rate": 23.240390128287544
        },
        "vus_max": {
            "value": 5,
            "min": 5,
            "max": 5
        },
        "http_req_sending": {
            "min": 0.004,
            "med": 0.026,
            "max": 1.807,
            "p(90)": 0.03460000000000002,
            "p(95)": 0.036,
            "avg": 0.02842420382165598
        },
        "vus": {
            "value": 2,
            "min": 2,
            "max": 5
        },
        "iterations": {
            "count": 43,
            "rate": 1.2730404783647955
        },
        "data_sent": {
            "count": 241854,
            "rate": 7160.230973359052
        },
        "http_req_blocked": {
            "med": 0.007,
            "max": 38.519,
            "p(90)": 0.01,
            "p(95)": 0.01,
            "avg": 0.20396305732483844,
            "min": 0.001
        },
        "http_req_connecting": {
            "med": 0,
            "max": 7.962,
            "p(90)": 0,
            "p(95)": 0,
            "avg": 0.055482802547770695,
            "min": 0
        },
        "checks": {
            "passes": 780,
            "fails": 0,
            "value": 1
        },
        "http_req_duration{expected_response:true}": {
            "p(90)": 173.4468,
            "p(95)": 213.6038,
            "avg": 201.2842929936305,
            "min": 90.843,
            "med": 125.316,
            "max": 9879.561
        },
        "http_req_waiting": {
            "min": 90.743,
            "med": 125.184,
            "max": 9879.428,
            "p(90)": 173.327,
            "p(95)": 213.50119999999998,
            "avg": 201.1512407643311
        },
        "http_req_failed": {
            "passes": 0,
            "fails": 785,
            "value": 0
        },
        "http_req_receiving": {
            "avg": 0.10462802547770701,
            "min": 0.018,
            "med": 0.101,
            "max": 1.002,
            "p(90)": 0.146,
            "p(95)": 0.158
        },
        "http_req_tls_handshaking": {
            "min": 0,
            "med": 0,
            "max": 19.029,
            "p(90)": 0,
            "p(95)": 0,
            "avg": 0.11916942675159235
        },
        "http_req_duration": {
            "avg": 201.2842929936305,
            "min": 90.843,
            "med": 125.316,
            "max": 9879.561,
            "p(90)": 173.4468,
            "p(95)": 213.6038
        },
        "iteration_duration": {
            "avg": 3661.0334254651166,
            "min": 1619.581292,
            "med": 2115.101167,
            "max": 13359.175417,
            "p(90)": 9613.579066799999,
            "p(95)": 10207.113571099999
        }
    },
    "setup_data": {
        "vuData": [
            {
                "payloads": [
                    {
                        "query": {
                            "id": "6"
                        }
                    },
                    {
                        "query": {
                            "id": "7"
                        }
                    },
                    {
                        "query": {
                            "id": "8"
                        }
                    },
                    {
                        "query": {
                            "id": "9"
                        }
                    },
                    {
                        "query": {
                            "id": "10"
                        }
                    },
                    {
                        "query": {
                            "id": "11"
                        }
                    },
                    {
                        "query": {
                            "id": "12"
                        }
                    },
                    {
                        "query": {
                            "id": "13"
                        }
                    },
                    {
                        "query": {
                            "id": "14"
                        }
                    },
                    {
                        "query": {
                            "id": "15"
                        }
                    },
                    {
                        "query": {
                            "id": "16"
                        }
                    },
                    {
                        "query": {
                            "id": "17"
                        }
                    },
                    {
                        "query": {
                            "id": "18"
                        }
                    },
                    {
                        "query": {
                            "id": "19"
                        }
                    },
                    {
                        "query": {
                            "id": "20"
                        }
                    },
                    {
                        "query": {
                            "id": "21"
                        }
                    },
                    {
                        "query": {
                            "id": "22"
                        }
                    },
                    {
                        "query": {
                            "id": "23"
                        }
                    },
                    {
                        "query": {
                            "id": "24"
                        }
                    },
                    {
                        "query": {
                            "id": "25"
                        }
                    }
                ],