{
    "root_group": {
        "name": "",
        "path": "",
        "id": "d41d8cd98f00b204e9800998ecf8427e",
        "groups": {},
        "checks": {
                "status is 200": {
                    "passes": 380,
                    "fails": 0,
                    "name": "status is 200",
                    "path": "::status is 200",
                    "id": "6210a8cd14cd70477eba5c5e4cb3fb5f"
                }
            }
    },
    "metrics": {
        "dropped_iterations": {
            "count": 55,
            "rate": 2.1220614368423973
        },
        "http_req_duration": {
            "avg": 540.463916883117,
            "min": 93.527,
            "med": 214.673,
            "max": 9142.795,
            "p(90)": 418.289,
            "p(95)": 571.6457999999992
        },
        "iterations": {
            "count": 21,
            "rate": 0.8102416395216426
        },
        "data_sent": {
            "count": 121140,
            "rate": 4673.936771983418
        },
        "data_received": {
            "count": 606171,
            "rate": 23387.856422403507
        },
        "iteration_duration": {
            "avg": 9899.790007904761,
            "min": 1845.15025,
            "med": 10883.42175,
            "max": 19553.22275,
            "p(90)": 12441.4855,
            "p(95)": 12819.905167
        },
        "http_req_blocked": {
            "max": 56.443,
            "p(90)": 0.01,
            "p(95)": 0.011,
            "avg": 0.7928077922077877,
            "min": 0.001,
            "med": 0.007
        },
        "checks": {
            "fails": 0,
            "passes": 380,
            "value": 1
        },
        "http_req_duration{expected_response:true}": {
            "p(90)": 418.289,
            "p(95)": 571.6457999999992,
            "avg": 540.463916883117,
            "min": 93.527,
            "med": 214.673,
            "max": 9142.795
        },
        "http_req_tls_handshaking": {
            "max": 41.659,
            "p(90)": 0,
            "p(95)": 0,
            "avg": 0.5175714285714286,
            "min": 0,
            "med": 0
        },
        "http_req_sending": {
            "max": 0.137,
            "p(90)": 0.03460000000000001,
            "p(95)": 0.038,
            "avg": 0.02534545454545452,
            "min": 0.005,
            "med": 0.025
        },
        "http_req_receiving": {
            "p(90)": 0.1466,
            "p(95)": 0.16119999999999993,
            "avg": 0.10564675324675324,
            "min": 0.018,
            "med": 0.1,
            "max": 0.931
        },
        "http_req_failed": {
            "fails": 385,
            "passes": 0,
            "value": 0
        },
        "http_reqs": {
            "count": 385,
            "rate": 14.854430057896781
        },
        "http_req_connecting": {
            "avg": 0.2615090909090909,
            "min": 0,
            "med": 0,
            "max": 14.729,
            "p(90)": 0,
            "p(95)": 0
        },
        "http_req_waiting": {
            "avg": 540.3329246753249,
            "min": 93.375,
            "med": 214.559,
            "max": 9142.569,
            "p(90)": 418.18420000000003,
            "p(95)": 571.4609999999992
        },
        "vus": {
            "value": 3,
            "min": 2,
            "max": 10
        },
        "vus_max": {
            "value": 10,
            "min": 5,
            "max": 10
        }
    },
    "setup_data": {
        "vuData": [
            {
                "payloads": [
                    {
                        "query": {
                            "id": "6"
                        }
                    },
                    {
                        "query": {
                            "id": "7"
                        }
                    },
                    {
                        "query": {
                            "id": "8"
                        }
                    },
                    {
                        "query": {
                            "id": "9"
                        }
                    },
                    {
                        "query": {
                            "id": "10"
                        }
                    },
                    {
                        "query": {
                            "id": "11"
                        }
                    },
                    {
                        "query": {
                            "id": "12"
                        }
                    },
                    {
                        "query": {
                            "id": "13"
                        }
                    },
                    {
                        "query": {
                            "id": "14"
                        }
                    },
                    {
                        "query": {
                            "id": "15"
                        }
                    },
                    {
                        "query": {
                            "id": "16"
                        }
                    },
                    {
                        "query": {
                            "id": "17"
                        }
                    },
                    {
                        "query": {
                            "id": "18"
                        }
                    },
                    {
                        "query": {
                            "id": "19"
                        }
                    },
                    {
                        "query": {
                            "id": "20"
                        }
                    },
                    {
                        "query": {
                            "id": "21"
                        }
                    },
                    {
                        "query": {
                            "id": "22"
                        }
                    },
                    {
                        "query": {
                            "id": "23"
                        }
                    },
                    {
                        "query": {
                            "id": "24"
                        }
                    },
                    {
                        "query": {
                            "id": "25"
                        }
                    }
                ],
                "token": "eyJhbGciOiJIUzI1NiJ9.eyJtZW1iZXJJZCI6MSwiaWF0IjoxNzUxNTQxOTY1LCJleHAiOjE3NTE1NDI1NjV9.qSTwx_-hqJ5gWcfnbQ_gCaHNW5HY0KahOnXlxbeeZCE"
            },
            {
                "token": "eyJhbGciOiJIUzI1NiJ9.eyJtZW1iZXJJZCI6MiwiaWF0IjoxNzUxNTQxOTY1LCJleHAiOjE3NTE1NDI1NjV9.wH0jcEpq2Vc2RL-efhukzOzcdLom6XuT3CwNWGDL6sU",