{
    "root_group": {
        "id": "d41d8cd98f00b204e9800998ecf8427e",
        "groups": {},
        "checks": {
                "status is 200": {
                    "id": "6210a8cd14cd70477eba5c5e4cb3fb5f",
                    "passes": 1,
                    "fails": 0,
                    "name": "status is 200",
                    "path": "::status is 200"
                }
            },
        "name": "",
        "path": ""
    },
    "metrics": {
        "checks": {
            "passes": 1,
            "fails": 0,
            "value": 1
        },
        "iteration_duration": {
            "min": 155.034292,
            "med": 155.034292,
            "max": 155.034292,
            "p(90)": 155.034292,
            "p(95)": 155.034292,
            "avg": 155.034292
        },
        "http_req_blocked": {
            "p(95)": 30.194,
            "avg": 30.194,
            "min": 30.194,
            "med": 30.194,
            "max": 30.194,
            "p(90)": 30.194
        },
        "http_req_connecting": {
            "avg": 13.163,
            "min": 13.163,
            "med": 13.163,
            "max": 13.163,
            "p(90)": 13.163,
            "p(95)": 13.163
        },
        "iterations": {
            "count": 1,
            "rate": 6.440103814473489
        },
        "http_req_duration": {
            "max": 122.518,
            "p(90)": 122.518,
            "p(95)": 122.518,
            "avg": 122.518,
            "min": 122.518,
            "med": 122.518
        },
        "http_req_tls_handshaking": {
            "avg": 15.451,
            "min": 15.451,
            "med": 15.451,
            "max": 15.451,
            "p(90)": 15.451,
            "p(95)": 15.451
        },
        "data_sent": {
            "count": 553,
            "rate": 3561.3774094038395
        },
        "http_req_receiving": {
            "p(95)": 0.085,
            "avg": 0.085,
            "min": 0.085,
            "med": 0.085,
            "max": 0.085,
            "p(90)": 0.085
        },
        "http_req_sending": {
            "p(90)": 0.426,
            "p(95)": 0.426,
            "avg": 0.426,
            "min": 0.426,
            "med": 0.426,
            "max": 0.426
        },
        "http_reqs": {
            "count": 1,
            "rate": 6.440103814473489
        },
        "data_received": {
            "rate": 22115.316498901964,
            "count": 3434
        },
        "http_req_duration{expected_response:true}": {
            "min": 122.518,
            "med": 122.518,
            "max": 122.518,
            "p(90)": 122.518,
            "p(95)": 122.518,
            "avg": 122.518
        },
        "http_req_waiting": {
            "p(90)": 122.007,
            "p(95)": 122.007,
            "avg": 122.007,
            "min": 122.007,
            "med": 122.007,
            "max": 122.007
        },
        "http_req_failed": {
            "passes": 0,
            "fails": 1,
            "value": 0
        }
    }
}