{
    "root_group": {
        "name": "",
        "path": "",
        "id": "d41d8cd98f00b204e9800998ecf8427e",
        "groups": {},
        "checks": {
                "status is 200": {
                    "name": "status is 200",
                    "path": "::status is 200",
                    "id": "6210a8cd14cd70477eba5c5e4cb3fb5f",
                    "passes": 580,
                    "fails": 0
                }
            }
    },
    "metrics": {
        "vus": {
            "value": 10,
            "min": 10,
            "max": 30
        },
        "vus_max": {
            "min": 30,
            "max": 30,
            "value": 30
        },
        "http_req_duration{expected_response:true}": {
            "avg": 1588.4876655172427,
            "min": 435.658,
            "med": 1622.671,
            "max": 3789.939,
            "p(90)": 1732.6088,
            "p(95)": 2588.0838
        },
        "http_req_waiting": {
            "min": 435.543,
            "med": 1622.609,
            "max": 3789.881,
            "p(90)": 1732.4741,
            "p(95)": 2587.9931,
            "avg": 1588.363167241378
        },
        "iteration_duration": {
            "min": 435.828083,
            "med": 1623.611729,
            "max": 3790.017542,
            "p(90)": 1735.6258295,
            "p(95)": 2588.22768125,
            "avg": 1590.8488576948266
        },
        "data_sent": {
            "count": 134679,
            "rate": 4303.332628034842
        },
        "http_req_tls_handshaking": {
            "avg": 1.443939655172414,
            "min": 0,
            "med": 0,
            "max": 38.926,
            "p(90)": 0,
            "p(95)": 17.126699999999975
        },
        "iterations": {
            "count": 580,
            "rate": 18.532458098591526
        },
        "http_req_sending": {
            "avg": 0.025334482758620668,
            "min": 0.004,
            "med": 0.024,
            "max": 0.347,
            "p(90)": 0.037,
            "p(95)": 0.042
        },
        "http_req_duration": {
            "avg": 1588.4876655172427,
            "min": 435.658,
            "med": 1622.671,
            "max": 3789.939,
            "p(90)": 1732.6088,
            "p(95)": 2588.0838
        },
        "http_req_connecting": {
            "med": 0,
            "max": 14.16,
            "p(90)": 0,
            "p(95)": 9.5525,
            "avg": 0.624694827586207,
            "min": 0
        },
        "http_req_failed": {
            "fails": 580,
            "passes": 0,
            "value": 0
        },
        "checks": {
            "passes": 580,
            "fails": 0,
            "value": 1
        },
        "data_received": {
            "count": 567268,
            "rate": 18125.63869081348
        },
        "http_req_receiving": {
            "max": 1.655,
            "p(90)": 0.156,
            "p(95)": 0.17004999999999998,
            "avg": 0.09916379310344825,
            "min": 0.023,
            "med": 0.09
        },
        "http_req_blocked": {
            "med": 0.006,
            "max": 51.788,
            "p(90)": 0.009,
            "p(95)": 30.878849999999982,
            "avg": 2.1404103448276017,
            "min": 0.001
        },
        "http_reqs": {
            "count": 580,
            "rate": 18.532458098591526
        }
    }
}