{
    "root_group": {
        "name": "",
        "path": "",
        "id": "d41d8cd98f00b204e9800998ecf8427e",
        "groups": {},
        "checks": {
                "status is 200": {
                    "passes": 556,
                    "fails": 0,
                    "name": "status is 200",
                    "path": "::status is 200",
                    "id": "6210a8cd14cd70477eba5c5e4cb3fb5f"
                }
            }
    },
    "metrics": {
        "vus_max": {
            "value": 30,
            "min": 30,
            "max": 30
        },
        "http_req_connecting": {
            "min": 0,
            "med": 0,
            "max": 24.967,
            "p(90)": 0,
            "p(95)": 0,
            "avg": 0.6306285971223021
        },
        "http_req_duration": {
            "med": 819.972,
            "max": 2552.928,
            "p(90)": 1257.7015000000001,
            "p(95)": 1471.69875,
            "avg": 823.3882850719416,
            "min": 27.679
        },
        "http_reqs": {
            "count": 1112,
            "rate": 35.87671959020527
        },
        "data_sent": {
            "rate": 9488.650277157338,
            "count": 294101
        },
        "http_req_waiting": {
            "med": 819.8675000000001,
            "max": 2552.871,
            "p(90)": 1257.5812,
            "p(95)": 1471.61805,
            "avg": 823.2813102517982,
            "min": 27.529
        },
        "http_req_tls_handshaking": {
            "med": 0,
            "max": 44.394,
            "p(90)": 0,
            "p(95)": 0,
            "avg": 0.9118444244604317,
            "min": 0
        },
        "iteration_duration": {
            "p(90)": 2240.156292,
            "p(95)": 2447.502875,
            "avg": 1650.4211580521594,
            "min": 357.581584,
            "med": 1619.0166665000002,
            "max": 3289.592833
        },
        "iterations": {
            "count": 556,
            "rate": 17.938359795102635
        },
        "http_req_blocked": {
            "avg": 1.580228417266187,
            "min": 0.001,
            "med": 0.005,
            "max": 69.564,
            "p(90)": 0.01,
            "p(95)": 0.013
        },
        "http_req_receiving": {
            "min": 0.016,
            "med": 0.077,
            "max": 0.469,
            "p(90)": 0.14090000000000003,
            "p(95)": 0.15844999999999995,
            "avg": 0.083681654676259
        },
        "http_req_failed": {
            "fails": 1112,
            "passes": 0,
            "value": 0
        },
        "http_req_duration{expected_response:true}": {
            "max": 2552.928,
            "p(90)": 1257.7015000000001,
            "p(95)": 1471.69875,
            "avg": 823.3882850719416,
            "min": 27.679,
            "med": 819.972
        },
        "http_req_sending": {
            "avg": 0.02329316546762583,
            "min": 0.004,
            "med": 0.019,
            "max": 0.471,
            "p(90)": 0.036,
            "p(95)": 0.04344999999999995
        },
        "checks": {
            "passes": 556,
            "fails": 0,
            "value": 1
        },
        "data_received": {
            "count": 1295156,
            "rate": 41785.92503378767
        },
        "vus": {
            "min": 30,
            "max": 30,
            "value": 30
        }
    }
}